{
    "_id": {
        "$oid": "637c70120672e416b3a93aed"
    },
    "id": 1018,
    "specificHeatT": "273.15,283.15,301.15,319.15,338.15,346.15,351.15,377.15,407.15,446.15,482.15,502.15",
    "specificHeatCp": "1836,1867,1940,2050,2204.4,2135,2094.3,2149,2218,2312,2415,2477",
    "thermalConductivityT": "303.05,323.05,342.95,362.85,382.75,402.55,422.25,441.95,461.35,479.95,499.35",
    "thermalConductivityK": "0.2028,0.1989,0.1984,0.1992,0.1961,0.1954,0.1955,0.1947,0.1938,0.193,0.1969",
    "moldflowId": null,
    "group": "Elastollan",
    "grade": "1160 A 10 P",
    "color": "uncolored",
    1"family": "TPU",
    "filler": null,
    "filler1Amount": null,
    "filler2Amount": null,
    1"materialType": "Crystalline",
    1"TminMold": 298.15,
    1"TsugMold": 306.15,
    1"TmaxMold": 313.15,
    1"TminMelt": 488.15,
    1"TsugMelt": 496.15,
    1"TmaxMelt": 503.15,
    1"Teject": 319.15,
    1"Ttrans": 346.15,
    1"maxShearStress": 250000,
    1"maxShearRate": 40000,
    1"viscN": 0.205,
    1"viscTau": 226200,
    1"viscD1": 554200000000000,
    1"viscD2": 333.15,
    1"viscD3": 0,
    1"viscA1": 38.086,
    1"viscA2": 51.6,
    1"pvtB5": 357.15,
    1"pvtB6": 8.15e-8,
    1"pvtB1m": 0.0009709,
    1"pvtB2m": 7.702e-7,
    1"pvtB3m": 154250000,
    1"pvtB4m": 0.005217,
    1"pvtB1s": 0.0009708,
    1"pvtB2s": 7.065e-7,
    1"pvtB3s": 151434000,
    1"pvtB4s": 0.00357,
    1"pvtB7": 0,
    1"pvtB8": 0,
    1"pvtB9": 0,
    1"mechE1": 10000000,
    1"mechE2": 9000000,
    1"mechv12": 0.371,
    1"mechv23": 0.553,
    "mechG12": 9000000,
    "mechAlpha1": 0.0002327,
    "mechAlpha2": 0.0002277,
    1"MFRTemp": null,
    1"MFRWeight": null,
    1"MFRValue": null,
    "fillIndicator": null,
    "packIndicator": null,
    "warpIndicator": null,
    "fod_p11_a": null,
    "fod_p11_b": null,
    "fod_p11_c": null,
    "fod_p11_d": null,
    "fod_p11_e": null,
    "fod_p11_a33_const": null,
    1"dateModified": "2021-03-03T00:00:00Z",
    "dateViscosity": null,
    "datePvt": null,
    "dateSpecificHeat": null,
    "dateThermalConductivity": null,
    "material": 466,
    "name": "Elastollan 1160 A 10 P TPU"
}